timestamp,raw_value
1724822239.5760279,100
1724822239.5890274,100
1724822239.6010294,32
1724822239.614027,85
1724822239.62603,-5
1724822239.63803,61
1724822239.65428,186
1724822239.7342844,186
1724822239.7472873,70
1724822239.7592216,139
1724822239.7712226,99
1724822239.7832239,120
1724822239.7952235,-20
1724822239.8072262,-29
1724822239.8212252,12
1724822239.8412268,34
1724822239.860227,67
1724822239.8782282,24
1724822239.89823,-70
1724822239.9102309,-45
1724822239.9232366,44
1724822239.9362404,84
1724822239.9482353,139
1724822239.9602358,133
1724822239.9722393,-25
1724822239.984238,105
1724822239.9972389,61
1724822240.0092402,-90
1724822240.0212429,-21
1724822240.0342429,-74
1724822240.047242,123
1724822240.059248,3
1724822240.0712504,61
1724822240.0842516,68
1724822240.0972562,64
1724822240.1172533,52
1724822240.1322541,147
1724822240.1452549,19
1724822240.1582596,11
1724822240.1712594,65
1724822240.1832602,100
1724822240.1952605,50
1724822240.2072597,-69
1724822240.220263,35
1724822240.2332726,-9
1724822240.2472622,104
1724822240.2592628,34
1724822240.2712657,-5
1724822240.2842636,-25
1724822240.2962651,81
1724822240.308269,7
1724822240.3202696,0
1724822240.3322752,49
1724822240.3442693,136
1724822240.3562722,224
1724822240.3702807,227
1724822240.3842719,227
1724822240.397273,135
1724822240.4092734,29
1724822240.4222817,-56
1724822240.4352775,-1
1724822240.4483984,116
1724822240.4600005,8
1724822240.4720042,-12
1724822240.48501,-103
1724822240.4980032,104
1724822240.5100055,-21
1724822240.522005,21
1724822240.5340054,54
1724822240.5480075,65
1724822240.560016,-83
1724822240.5720181,134
1724822240.5840187,134
1724822240.5970209,120
1724822240.60902,-9
1724822240.6210213,-9
1724822240.632638,5
1724822240.644639,-65
1724822240.6566398,-37
1724822240.6696453,58
1724822240.682644,130
1724822240.6946433,16
1724822240.7066445,-53
1724822240.7196486,98
1724822240.7336564,52
1724822240.747647,12
1724822240.7596478,-70
1724822240.7716484,-46
1724822240.7836516,157
1724822240.7956505,5
1724822240.8076515,34
1724822240.8196566,107
1724822240.832653,113
1724822240.8446584,18
1724822240.8566566,18
1724822240.868658,162
1724822240.8816576,252
1724822240.8936582,273
1724822240.9056628,304
1724822240.9186661,280
1724822240.9306648,236
1724822240.9421747,236
1724822240.9541779,236
1724822240.9661765,180
1724822240.978178,92
1724822240.9899774,-268
1724822241.001982,-194
1724822241.013979,-27
1724822241.025597,-35
1724822241.0375993,-43
1724822241.0505993,-7
1724822241.0636027,-30
1724822241.0756006,-72
1724822241.0876038,-23
1724822241.0996075,105
1724822241.112604,156
1724822241.1246097,-1
1724822241.137013,-8
1724822241.1490095,139
1724822241.1610105,37
1724822241.1730118,-88
1724822241.1850135,40
1724822241.2000136,129
1724822241.2120147,129
1724822241.2240164,40
1724822241.2360191,10
1724822241.2480168,92
1724822241.2620182,45
1724822241.274019,-51
1724822241.285543,32
1724822241.2985415,148
1724822241.3105426,59
1724822241.323547,93
1724822241.3355486,97
1724822241.3475456,122
1724822241.3595467,35
1724822241.3715477,-23
1724822241.3855517,48
1724822241.3985493,51
1724822241.41055,25
1724822241.422553,19
1724822241.4345517,115
1724822241.446553,115
1724822241.4595675,-27
1724822241.472278,33
1724822241.48528,-27
1724822241.4972785,26
1724822241.5112796,21
1724822241.5232809,22
1724822241.5352848,89
1724822241.5482838,74
1724822241.5602834,74
1724822241.5742848,10
1724822241.58629,-42
1724822241.5982885,76
1724822241.6102889,82
1724822241.6222882,52
1724822241.635383,44
1724822241.6483562,58
1724822241.6603582,-69
1724822241.672359,38
1724822241.6843588,5
1724822241.6963618,122
1724822241.7083607,84
1724822241.7203634,115
1724822241.7333624,103
1724822241.7453637,136
1724822241.7573652,-37
1724822241.7693694,26
1724822241.7823665,72
1724822241.7953677,82
1724822241.8073726,35
1724822241.8193707,90
1724822241.831373,123
1724822241.8433702,-21
1724822241.8553722,3
1724822241.8683732,34
1724822241.8813748,90
1724822241.8933773,54
1724822241.9063778,96
1724822241.9183762,96
1724822241.930377,3
1724822241.9423811,-4
1724822241.9543796,-23
1724822241.9663804,33
1724822241.9783814,53
1724822241.9903822,72
1724822242.002384,0
1724822242.017386,55
1724822242.0303845,22
1724822242.0423858,57
1724822242.0543878,9
1724822242.0663867,52
1724822242.0803907,88
1724822242.0923886,60
1724822242.1043966,20
1724822242.1173913,80
1724822242.1293917,104
1724822242.1423926,72
1724822242.1543941,72
1724822242.166395,117
1724822242.178396,-2
1724822242.1903968,12
1724822242.2024024,96
1724822242.215398,96
1724822242.2273993,96
1724822242.2394,-12
1724822242.251401,97
1724822242.2637966,33
1724822242.2757974,33
1724822242.2878036,-38
1724822242.3007998,39
1724822242.3128002,120
1724822242.3248012,43
1724822242.3368075,103
1724822242.350806,65
1724822242.3638046,66
1724822242.3768053,-26
1724822242.3888083,-26
1724822242.4018123,-5
1724822242.4148097,85
1724822242.4268095,20
1724822242.4388106,-1
1724822242.450811,11
1724822242.463445,34
1724822242.4754477,-52
1724822242.488447,-10
1724822242.5004478,76
1724822242.5124488,69
1724822242.5244493,69
1724822242.5364552,141
1724822242.5514524,136
1724822242.5649793,102
1724822242.5769796,73
1724822242.588981,73
1724822242.600985,33
1724822242.6149826,-85
1724822242.626618,-85
1724822242.638621,-18
1724822242.6506195,97
1724822242.6636202,113
1724822242.6776214,67
1724822242.6896248,37
1724822242.7026262,71
1724822242.716626,54
1724822242.7296283,84
1724822242.741628,84
1724822242.7545087,40
1724822242.769512,98
1724822242.7830398,65
1724822242.795039,41
1724822242.80704,49
1724822242.8190415,49
1724822242.8340418,-6
1724822242.8460426,113
1724822242.8580432,60
1724822242.8700452,60
1724822242.8820534,70
1724822242.8940468,16
1724822242.9060473,-26
1724822242.918048,50
1724822242.9300492,39
1724822242.9420495,16
1724822242.9540539,57
1724822242.9670515,87
1724822242.9790535,87
1724822242.9910543,114
1724822243.0030587,51
1724822243.016056,52
1724822243.028057,52
1724822243.040061,-3
1724822243.0530622,58
1724822243.0651443,157
1724822243.0771453,17
1724822243.089147,74
1724822243.101147,74
1724822243.1161487,60
1724822243.1276984,60
1724822243.1396875,28
1724822243.1526923,105
1724822243.164689,112
1724822243.17769,13
1724822243.189691,-21
1724822243.2016928,32
1724822243.2146928,-21
1724822243.2266977,56
1724822243.2396965,12
1724822243.2526982,3
1724822243.2646968,103
1724822243.2766984,-75
1724822243.288699,-1
1724822243.301704,72
1724822243.3147004,194
1724822243.3267026,122
1724822243.3387034,122
1724822243.350703,132
1724822243.362704,198
1724822243.3757048,48
1724822243.387709,58
1724822243.400707,44
1724822243.4137077,70
1724822243.4277093,-33
1724822243.4397104,-108
1724822243.451712,-108
1724822243.4642992,-29
1724822243.4762998,-9
1724822243.4903004,-10
1724822243.5023048,4
1724822243.5153031,4
1724822243.5273051,-54
1724822243.5403063,-2
1724822243.5533118,138
1724822243.5663068,218
1724822243.5783079,218
1724822243.5903099,196
1724822243.6053126,152
1724822243.6180747,-3
1724822243.631073,-2
1724822243.644074,-19
1724822243.6560748,-150
1724822243.6680791,-171
1724822243.6810765,-119
1724822243.6930778,-119
1724822243.70808,-152
1724822243.720081,-74
1724822243.7320814,-34
1724822243.7440815,68
1724822243.7566004,19
1724822243.770603,66
1724822243.7836008,135
1724822243.795602,149
1724822243.8076031,98
1724822243.8196073,67
1724822243.835608,117
1724822243.848607,178
1724822243.860607,187
1724822243.872608,91
1724822243.8866107,129
1724822243.89961,114
1724822243.912611,50
1724822243.9246118,50
1724822243.9376132,107
1724822243.949614,68
1724822243.9616148,123
1724822243.9736164,29
1724822243.985622,71
1724822243.997618,93
1724822244.009619,40
1724822244.0236197,74
1724822244.036622,17
1724822244.049622,7
1724822244.0626225,28
1724822244.0746276,-18
1724822244.0876265,75
1724822244.100625,75
1724822244.113626,96
1724822244.126628,66
1724822244.1396298,-97
1724822244.1526337,38
1724822244.1656299,34
1724822244.177631,-8
1724822244.1896353,66
1724822244.2016366,35
1724822244.217636,22
1724822244.2306352,9
1724822244.2446363,54
1724822244.2566383,5
1724822244.2686498,66
1724822244.2816393,42
1724822244.2946484,-39
1724822244.3086412,12
1724822244.3216436,-21
1724822244.333643,54
1724822244.3456447,70
1724822244.3571682,3
1724822244.371169,37
1724822244.3837209,-33
1724822244.3957217,112
1724822244.4077225,112
1724822244.4197278,81
1724822244.434728,0
1724822244.4477253,76
1724822244.459727,120
1724822244.4723387,16
1724822244.4843404,55
1724822244.4973404,8
1724822244.5103414,59
1724822244.5223444,-13
1724822244.535349,11
1724822244.5483477,3
1724822244.5623453,93
1724822244.5753462,68
1724822244.5893533,68
1724822244.602352,-2
1724822244.6153502,42
1724822244.627985,-11
1724822244.6399925,-11
1724822244.6539886,-10
1724822244.6659884,13
1724822244.677989,66
1724822244.6901996,32
1724822244.703201,2
1724822244.7172024,21
1724822244.731202,87
1724822244.7442014,-1
1724822244.7562046,-1
1724822244.7692063,10
1724822244.7822065,25
1724822244.7942066,84
1724822244.8152087,70
1724822244.828209,89
1724822244.8442187,86
1724822244.8582094,25
1724822244.8702104,25
1724822244.8822114,52
1724822244.8942132,56
1724822244.9062157,34
1724822244.9182177,50
1724822244.9312153,77
1724822244.9432175,123
1724822244.9552176,81
1724822244.9672182,252
1724822244.9822195,227
1724822244.9942203,180
1724822245.0062213,99
1724822245.018228,55
1724822245.0312233,8
1724822245.0452247,34
1724822245.0582254,60
1724822245.0702305,-34
1724822245.0832272,25
1724822245.0962324,19
1724822245.1092293,19
1724822245.1212337,28
1724822245.1332347,-4
1724822245.146235,74
1724822245.1592436,50
1724822245.1722455,16
1724822245.184246,41
1724822245.1972475,86
1724822245.2092483,80
1724822245.2212508,76
1724822245.2362597,-17
1724822245.2492514,16
1724822245.2612524,105
1724822245.2732532,-17
1724822245.2852561,16
1724822245.3002555,28
1724822245.3132563,122
1724822245.3252573,-56
1724822245.3372612,23
1724822245.35126,23
1724822245.3652606,28
1724822245.3772597,17
1724822245.3892636,28
1724822245.4022655,26
1724822245.415265,84
1724822245.4272661,36
1724822245.439266,35
1724822245.451267,73
1724822245.4649699,75
1724822245.4779716,-10
1724822245.4909732,8
1724822245.502976,34
1724822245.514974,116
1724822245.526976,73
1724822245.5399766,68
1724822245.5529804,-117
1724822245.5659776,-66
1724822245.579979,-66
1724822245.5929801,-61
1724822245.604982,-3
1724822245.6176908,21
1724822245.6316876,76
1724822245.644691,87
1724822245.656689,21
1724822245.6686964,64
1724822245.681691,100
1724822245.6936924,64
1724822245.7066932,64
1724822245.718695,88
1724822245.7316947,81
1724822245.7446952,147
1724822245.7586977,51
1724822245.771703,36
1724822245.7846987,25
1724822245.8007038,-17
1724822245.8137002,-17
1724822245.8257008,-12
1724822245.8377018,56
1724822245.849703,124
1724822245.8627048,99
1724822245.8747048,74
1724822245.8867114,-13
1724822245.8997068,8
1724822245.9117103,4
1724822245.9257088,34
1724822245.9397101,50
1724822245.9517167,80
1724822245.9647117,115
1724822245.976713,50
1724822245.9897146,13
1724822246.0017183,-28
1724822246.0147154,-73
1724822246.0277166,7
1724822246.0407186,-14
1724822246.053732,56
1724822246.0667195,80
1724822246.078721,84
1724822246.0907214,24
1724822246.102725,6
1724822246.115724,28
1724822246.1287243,89
1724822246.140726,91
1724822246.1532433,33
1724822246.1652436,12
1724822246.178245,144
1724822246.1912458,70
1724822246.2032526,7
1724822246.2162478,-13
1724822246.2292502,32
1724822246.241249,-34
1724822246.2532525,13
1724822246.2662516,97
1724822246.2792523,74
1724822246.2912605,74
1724822246.3042579,67
1724822246.3182614,-18
1724822246.330262,60
1724822246.3427787,37
1724822246.3557804,10
1724822246.368781,44
1724822246.3817813,57
1724822246.3957825,64
1724822246.4077833,64
1724822246.4197867,-6
1724822246.432785,22
1724822246.4447858,103
1724822246.457787,51
1724822246.470797,-44
1724822246.482797,-12
1724822246.495014,69
1724822246.5080154,-3
1724822246.5210185,5
1724822246.5330162,37
1724822246.5460157,84
1724822246.558018,-4
1724822246.571019,52
1724822246.58302,52
1724822246.599022,39
1724822246.6120229,71
1724822246.623667,20
1724822246.6361938,52
1724822246.6501842,-4
1724822246.6631856,141
1724822246.6751862,134
1724822246.6871905,-27
1724822246.7011895,-25
1724822246.7141893,37
1724822246.7271895,99
1724822246.7391908,83
1724822246.752198,73
1724822246.7651923,73
1724822246.7771935,55
1724822246.7901952,54
1724822246.802204,23
1724822246.8182018,74
1724822246.8311977,60
1724822246.8481984,86
1724822246.8601995,49
1724822246.8722026,75
1724822246.885206,-3
1724822246.8982055,54
1724822246.9112053,86
1724822246.9232063,54
1724822246.9352133,23
1724822246.947964,131
1724822246.9609654,40
1724822246.9739661,-7
1724822246.9859679,6
1724822246.9999678,6
1724822247.012969,-23
1724822247.0249703,68
1724822247.037971,7
1724822247.049972,10
1724822247.0649729,18
1724822247.0779738,35
1724822247.089976,-10
1724822247.1029797,-67
1724822247.1159773,60
1724822247.128979,85
1724822247.14098,103
1724822247.152989,35
1724822247.1659818,32
1724822247.1779814,90
1724822247.1899824,10
1724822247.2029836,50
1724822247.2149842,71
1724822247.2279851,34
1724822247.2409868,34
1724822247.2539885,1
1724822247.266988,-20
1724822247.2839894,8
1724822247.2969906,76
1724822247.3089912,121
1724822247.3219924,93
1724822247.3339932,44
1724822247.3469942,44
1724822247.358995,44
1724822247.3739965,17
1724822247.3859994,-7
1724822247.3979986,81
1724822247.4109983,98
1724822247.4229991,99
1724822247.439001,35
1724822247.4520051,-1
1724822247.4646332,-22
1724822247.477635,23
1724822247.4906352,12
1724822247.5026386,1
1724822247.514637,70
1724822247.5266392,42
1724822247.538639,-9
1724822247.5516436,24
1724822247.564642,-19
1724822247.577642,-52
1724822247.5911524,-52
1724822247.6041534,54
1724822247.6161568,81
1724822247.628847,82
1724822247.6408482,53
1724822247.6558506,2
1724822247.6688528,4
1724822247.6818538,18
1724822247.6948526,65
1724822247.7068536,65
1724822247.719857,16
1724822247.733856,55
1724822247.7468567,48
1724822247.7598586,55
1724822247.7728598,105
1724822247.7858617,-2
1724822247.7988596,24
1724822247.8118618,96
1724822247.8238623,96
1724822247.8358672,11
1724822247.8492618,19
1724822247.8612633,70
1724822247.874267,44
1724822247.8872647,36
1724822247.9002655,42
1724822247.913267,119
1724822247.9252698,99
1724822247.9382756,99
1724822247.951274,101
1724822247.96727,64
1724822247.9802725,55
1724822247.9922752,43
1724822248.0042813,-19
1724822248.0202796,-1
1724822248.0332773,23
1724822248.0462766,75
1724822248.0582778,88
1724822248.071279,-24
1724822248.0832808,13
1724822248.096281,32
1724822248.1082811,21
1724822248.1202846,16
1724822248.1332831,10
1724822248.1468844,96
1724822248.1598883,6
1724822248.1728857,36
1724822248.1868875,-1
1724822248.1988878,33
1724822248.2118895,87
1724822248.2238898,109
1724822248.237894,52
1724822248.2508938,19
1724822248.2638927,100
1724822248.275894,8
1724822248.2888947,-28
1724822248.3008976,-28
1724822248.3148968,48
1724822248.3268974,13
1724822248.3419003,50
1724822248.353902,32
1724822248.3659012,-14
1724822248.3789017,5
1724822248.3909085,108
1724822248.4039044,-24
1724822248.4179125,-24
1724822248.4309056,72
1724822248.4444485,88
1724822248.4571075,-14
1724822248.4701092,56
1724822248.4831095,69
1724822248.499111,88
1724822248.5121117,52
1724822248.5241132,28
1724822248.5371149,28
1724822248.5501146,24
1724822248.5631166,40
1724822248.5751207,-10
1724822248.587125,-10
1724822248.6006453,42
1724822248.6136453,89
1724822248.6263871,89
1724822248.638388,20
1724822248.6513903,20
1724822248.66439,7
1724822248.6763914,28
1724822248.6893926,36
1724822248.7013988,164
1724822248.7173948,109
1724822248.7293952,53
1724822248.7413962,90
1724822248.7533982,56
1724822248.7689095,83
1724822248.7819078,28
1724822248.7949092,71
1724822248.8119125,135
1724822248.8249116,52
1724822248.837913,-34
1724822248.8509135,92
1724822248.8639143,-25
1724822248.87592,66
1724822248.8879213,23
1724822248.9039228,23
1724822248.9169238,9
1724822248.9329247,32
1724822248.945926,26
1724822248.9579268,40
1724822248.970928,40
1724822248.9829297,36
1724822248.9969292,-11
1724822249.009931,-11
1724822249.021933,164
1724822249.034934,243
1724822249.0479333,289
1724822249.060935,201
1724822249.0729349,36
1724822249.0849402,34
1724822249.098937,-139
1724822249.1119394,1
1724822249.1239388,1
1724822249.1379435,-39
1724822249.150944,12
1724822249.1639419,11
1724822249.1762574,26
1724822249.1887846,-11
1724822249.2007856,17
1724822249.2147865,-34
1724822249.2267869,38
1724822249.238788,38
1724822249.2507918,-23
1724822249.2637901,60
1724822249.2772632,60
1724822249.2892642,33
1724822249.3022707,11
1724822249.3162658,60
1724822249.3292677,123
1724822249.342268,80
1724822249.3542705,96
1724822249.3672726,48
1724822249.381271,-89
1724822249.393272,119
1724822249.4062734,-23
1724822249.4192777,-26
1724822249.434279,67
1724822249.4472759,73
1724822249.459278,-2
1724822249.4720664,42
1724822249.4840682,26
1724822249.4990685,52
1724822249.5120687,86
1724822249.5240712,28
1724822249.5370798,49
1724822249.5510783,36
1724822249.5640733,90
1724822249.5760736,27
1724822249.5880747,27
1724822249.6010802,27
1724822249.6150768,43
1724822249.627721,76
1724822249.6397214,23
1724822249.653724,-4
1724822249.6667233,19
1724822249.6787243,28
1724822249.6917267,59
1724822249.7037296,35
1724822249.719729,24
1724822249.733728,-57
1724822249.7487297,49
1724822249.7617302,90
1724822249.7737312,92
1724822249.786733,59
1724822249.8027358,5
1724822249.8167355,33
1724822249.8307357,33
1724822249.8437366,82
1724822249.8567379,52
1724822249.8697412,26
1724822249.8837395,-2
1724822249.8967407,58
1724822249.9097414,58
1724822249.9217432,74
1724822249.9347491,-45
1724822249.9487445,-45
1724822249.9617455,73
1724822249.9747465,83
1724822249.986748,16
1724822250.0017517,-36
1724822250.0147495,24
1724822250.0267508,33
1724822250.039751,81
1724822250.0547533,55
1724822250.0677586,26
1724822250.0797548,-33
1724822250.0957553,84
1724822250.1077566,38
1724822250.1197622,4
1724822250.1337588,-61
1724822250.1497602,76
1724822250.163762,17
1724822250.1767619,13
1724822250.1907628,13
1724822250.2037642,40
1724822250.2157648,53
1724822250.2277677,86
1724822250.2407665,-9
1724822250.2547684,18
1724822250.26742,-6
1724822250.2804236,-2
1724822250.2924244,132
1724822250.3044264,132
1724822250.3194313,-37
1724822250.3324273,-33
1724822250.349429,-17
1724822250.3624291,-24
1724822250.375431,-3
1724822250.3884315,42
1724822250.400432,5
1724822250.4144354,65
1724822250.4274342,65
1724822250.4414358,64
1724822250.4534369,26
1724822250.4661727,42
1724822250.4795237,25
1724822250.4925313,80
1724822250.5055256,75
1724822250.517541,21
1724822250.5305383,48
1724822250.5435348,86
1724822250.5555358,86
1724822250.5725427,-19
1724822250.5845442,43
1724822250.5975394,2
1724822250.6105404,144
1724822250.62257,16
1724822250.6365738,-13
1724822250.649572,104
1724822250.6675751,8
1724822250.681574,13
1724822250.6955764,36
1724822250.708577,118
1724822250.7205777,-24
1724822250.732579,2
1724822250.747582,97
1724822250.7605817,28
1724822250.7735808,68
1724822250.7855873,-4
1724822250.7985835,57
1724822250.8115847,73
1724822250.8245854,93
1724822250.837586,44
1724822250.8505971,-33
1724822250.8625975,39
1724822250.8765972,54
1724822250.8885977,108
1724822250.9006014,81
1724822250.9166005,75
1724822250.9285994,74
1724822250.9406004,84
1724822250.953603,-1
1724822250.9666042,55
1724822250.9788544,84
1724822250.9918587,19
1724822251.004856,-7
1724822251.0168583,-7
1724822251.0298579,70
1724822251.042365,-21
1724822251.0553675,-41
1724822251.0697055,80
1724822251.082681,41
1724822251.0986824,82
1724822251.1126833,34
1724822251.1256845,33
1724822251.1386867,-29
1724822251.1516888,41
1724822251.164522,55
1724822251.1765232,-2
1724822251.1935234,-2
1724822251.2065248,121
1724822251.2185292,-23
1724822251.232527,26
1724822251.2455297,43
1724822251.2575285,83
1724822251.2705297,17
1724822251.283531,84
1724822251.296532,18
1724822251.3085375,32
1724822251.3205357,-35
1724822251.333538,4
1724822251.347536,93
1724822251.359537,275
1724822251.3715374,275
1724822251.3845403,181
1724822251.4015415,218
1724822251.4165437,48
1724822251.4305418,9
1724822251.4435432,-62
1724822251.4555438,-51
1724822251.4683573,-164
1724822251.4819257,-164
1724822251.4954357,-147
1724822251.5084362,-65
1724822251.5204387,-187
1724822251.5344403,-60
1724822251.5484393,-6
1724822251.5614412,-21
1724822251.574441,-53
1724822251.5864434,-53
1724822251.5994446,-53
1724822251.612444,-53
1724822251.6274621,24
1724822251.640004,27
1724822251.6529963,74
1724822251.665994,50
1724822251.6789963,104
1724822251.6919963,117
1724822251.704996,66
1724822251.7200017,86
1724822251.7329996,-68
1724822251.7460012,71
1724822251.7590015,16
1724822251.7724895,-23
1724822251.785493,154
1724822251.7984948,124
1724822251.8144944,153
1724822251.8274934,32
1724822251.843495,-11
1724822251.856496,64
1724822251.868497,3
1724822251.8820095,67
1724822251.8940125,10
1724822251.907011,100
1724822251.9190133,5
1724822251.9350169,-12
1724822251.9480143,-4
1724822251.9610171,-18
1724822251.9740162,-18
1724822251.98602,-38
1724822251.9990213,36
1724822252.0120194,71
1724822252.0260208,53
1724822252.0390213,147
1724822252.0520282,-34
1724822252.065023,-99
1724822252.0810254,-99
1724822252.0950258,43
1724822252.1080263,136
1724822252.1250298,136
1724822252.1380289,35
1724822252.153033,44
1724822252.1659627,-57
1724822252.178965,42
1724822252.1919649,42
1724822252.2049663,42
1724822252.2179692,-7
1724822252.2309678,38
1724822252.2439692,42
1724822252.2569704,29
1724822252.2699707,61
1724822252.2829726,57
1724822252.2969723,-22
1724822252.309974,-22
1724822252.3229747,70
1724822252.3389776,102
1724822252.3519785,-12
1724822252.368982,-57
1724822252.383287,-24
1724822252.3972905,112
1724822252.4112873,37
1724822252.424288,10
1724822252.4372904,38
1724822252.4542923,-41
1724822252.467965,-12
1724822252.4809668,140
1724822252.4939666,44
1724822252.5069675,141
1724822252.519976,-23
1724822252.5339756,-13
1724822252.5476725,-13
1724822252.5606759,85
1724822252.5736775,-26
1724822252.586679,51
1724822252.5996764,55
1724822252.612679,65
1724822252.6254318,102
1724822252.638432,83
1724822252.651434,24
1724822252.664434,35
1724822252.6794398,35
1724822252.6924386,114
1724822252.7044415,50
1724822252.7174408,-28
1724822252.7304423,28
1724822252.743442,84
1724822252.756441,57
1724822252.7694438,9
1724822252.783446,-27
1724822252.7964466,12
1724822252.8094466,56
1724822252.8214476,13
1724822252.8354514,21
1724822252.8494482,-18
1724822252.8644495,-54
1724822252.8784502,90
1724822252.8914514,103
1724822252.904452,103
1724822252.917455,151
1724822252.9314559,-37
1724822252.9444554,36
1724822252.9574556,43
1724822252.97046,13
1724822252.9834645,4
1724822252.9964595,26
1724822253.0084603,104
1724822253.0204625,49
1724822253.0334623,8
1724822253.0474646,-24
1724822253.0604646,9
1724822253.072467,96
1724822253.0884697,69
1724822253.1014702,8
1724822253.1144693,5
1724822253.127469,135
1724822253.143472,135
1724822253.1564713,48
1724822253.1704757,-10
1724822253.1844783,-57
1724822253.197474,24
1724822253.209476,89
1724822253.222476,163
1724822253.235478,131
1724822253.2494783,12
1724822253.2624784,107
1724822253.2754815,70
1724822253.287483,-5
1724822253.3004832,-42
1724822253.3144832,-41
1724822253.3284857,-36
1724822253.3424873,22
1724822253.3554938,-21
1724822253.3694913,90
1724822253.3834918,28
1724822253.396492,134
1724822253.4094903,74
1724822253.424492,-71
1724822253.4374938,41
1724822253.4505017,22
1724822253.4671698,8
1724822253.4811673,52
1724822253.494168,52
1724822253.508169,83
1724822253.5211706,118
1724822253.534173,38
1724822253.5481722,65
1724822253.5611746,-46
1724822253.5742223,24
1724822253.5872128,24
1724822253.6022234,98
1724822253.6172206,133
1724822253.6296675,123
1724822253.642378,60
1724822253.6543796,28
1724822253.6682553,49
1724822253.681254,131
1724822253.6972554,40
1724822253.711256,7
1724822253.7242572,-21
1724822253.737258,-21
1724822253.7497714,-37
1724822253.7627723,59
1724822253.7757733,117
1724822253.7897732,97
1724822253.8027763,-28
1724822253.8157763,-51
1724822253.82878,73
1724822253.8427796,99
1724822253.8557792,137
1724822253.8687797,218
1724822253.8817816,208
1724822253.8949723,106
1724822253.9079733,-22
1724822253.9209764,-68
1724822253.9339778,-172
1724822253.9499784,-174
1724822253.9639764,-150
1724822253.9814835,-85
1724822253.9944842,-52
1724822254.0074866,-42
1724822254.0204864,10
1724822254.033493,-41
1724822254.0474882,50
1724822254.059489,43
1724822254.07449,37
1724822254.0874915,37
1724822254.1004963,125
1724822254.1144936,-28
1724822254.127496,38
1724822254.1404955,155
1724822254.1534965,97
1724822254.1694982,182
1724822254.1820378,41
1724822254.1950371,101
1724822254.2080383,45
1724822254.2220478,16
1724822254.23604,41
1724822254.248041,42
1724822254.2600436,29
1724822254.2730434,107
1724822254.2856886,105
1724822254.2986865,-13
1724822254.311686,5
1724822254.329691,2
1724822254.3426888,-3
1724822254.3576908,73
1724822254.3706908,74
1724822254.383694,41
1724822254.3966923,0
1724822254.4106944,73
1724822254.4236958,55
1724822254.4366953,19
1724822254.4496994,67
1724822254.464435,-35
1724822254.477778,26
1724822254.4907622,122
1724822254.504765,39
1724822254.5187697,22
1724822254.5327659,11
1724822254.549767,70
1724822254.5627685,22
1724822254.5747695,13
1724822254.5874746,5
1724822254.6004782,26
1724822254.6141093,61
1724822254.6271105,120
1724822254.6421115,22
1724822254.655115,80
1724822254.6681178,23
1724822254.6821148,-40
1724822254.6951177,24
1724822254.7081199,123
1724822254.7211192,124
1724822254.7371228,41
1724822254.7511227,-11
1724822254.7661204,34
1724822254.7781513,66
1724822254.7911322,66
1724822254.8041332,37
1724822254.817141,-24
1724822254.8371341,76
1724822254.8541353,65
1724822254.8681405,81
1724822254.8811378,36
1724822254.8941383,5
1724822254.907139,10
1724822254.922141,6
1724822254.9351435,42
1724822254.9481442,117
1724822254.961146,35
1724822254.9751441,101
1724822254.9881454,71
1724822255.0011497,8
1724822255.0141468,39
1724822255.026151,39
1724822255.0391498,28
1724822255.0521538,-19
1724822255.0661528,4
1724822255.081152,51
1724822255.0951533,23
1724822255.1091547,-52
1724822255.122155,25
1724822255.1351566,55
1724822255.148666,55
1724822255.1616673,168
1724822255.1746686,91
1724822255.1866693,162
1724822255.1996722,123
1724822255.212671,69
1724822255.225675,85
1724822255.2386734,151
1724822255.2526748,89
1724822255.2686756,89
1724822255.2816784,34
1724822255.2946775,113
1724822255.3066788,164
1724822255.3196785,85
1724822255.33568,56
1724822255.3496842,-46
1724822255.3646832,-107
1724822255.3796842,-190
1724822255.3926854,-119
1724822255.4056864,-170
1724822255.4186902,-98
1724822255.4326892,-70
1724822255.448689,-56
1724822255.4623716,55
1724822255.4749699,9
1724822255.4918904,-3
1724822255.5048907,-9
1724822255.5198963,85
1724822255.5328932,11
1724822255.5478947,28
1724822255.5618937,-6
1724822255.574896,28
1724822255.587901,28
1724822255.6029017,68
1724822255.6167734,68
1724822255.6308713,37
1724822255.644874,40
1724822255.6578732,113
1724822255.671874,115
1724822255.6844633,87
1724822255.6974657,-17
1724822255.7104645,7
1724822255.7234662,53
1724822255.7364676,74
1724822255.7484682,20
1724822255.7614686,-19
1724822255.7744703,76
1724822255.7870321,84
1724822255.8030436,10
1724822255.8170407,41
1724822255.8320334,2
1724822255.845037,32
1724822255.8600366,32
1724822255.8730364,59
1724822255.8850405,69
1724822255.8980525,1
1724822255.9110544,103
1724822255.9240544,43
1724822255.9360564,60
1724822255.9480557,-1
1724822255.9610584,28
1724822255.9740584,21
1724822255.9870596,-9
1724822256.0000691,-20
1724822256.01306,36
1724822256.0260625,86
1724822256.0390642,140
1724822256.0520697,136
1724822256.0650666,-56
1724822256.0820687,25
1724822256.0950668,25
1724822256.1090672,-2
1724822256.1220703,50
1724822256.1350753,6
1724822256.148072,20
1724822256.1630714,131
1724822256.1770732,49
1724822256.1890743,24
1724822256.204076,76
1724822256.2170806,76
1724822256.2300775,80
1724822256.2425213,61
1724822256.2565227,116
1724822256.2705243,93
1724822256.2835333,100
1724822256.2975256,51
1724822256.311526,51
1724822256.3245292,51
1724822256.3375278,51
1724822256.3505323,8
1724822256.36353,29
1724822256.3775322,23
1724822256.3905325,77
1724822256.4035327,135
1724822256.4165344,-11
1724822256.431537,6
1724822256.4455376,6
1724822256.4591184,11
1724822256.4721253,-20
1724822256.4876292,135
1724822256.5016286,85
1724822256.517632,82
1724822256.5316315,20
1724822256.5456324,-13
1724822256.5586338,4
1724822256.574635,4
1724822256.5876372,102
1724822256.6006393,27
1724822256.6169665,6
1724822256.63096,6
1724822256.6479623,27
1724822256.6619625,-8
1724822256.6749632,9
1724822256.691967,21
1724822256.705966,102
1724822256.7219663,77
1724822256.7349713,64
1724822256.7499735,-29
1724822256.7649715,-53
1724822256.778972,-97
1724822256.7929723,21
1724822256.8059778,100
1724822256.8179765,53
1724822256.830975,56
1724822256.8449783,53
1724822256.861978,27
1724822256.8749807,85
1724822256.8899817,122
1724822256.9029808,123
1724822256.9159837,21
1724822256.9299822,21
1724822256.9429834,82
1724822256.9569907,96
1724822256.9709873,73
1724822256.9865122,103
1724822257.0005138,74
1724822257.0165172,3
1724822257.0305142,26
1724822257.043515,-8
1724822257.0565164,74
1724822257.069518,67
1724822257.0855198,16
1724822257.0985203,28
1724822257.1125236,83
1724822257.1255229,36
1724822257.1385248,144
1724822257.1515276,-13
1724822257.165525,53
1724822257.1785264,97
1724822257.192528,12
1724822257.206528,53
1724822257.2205305,133
1724822257.2345371,-7
1724822257.2485309,-92
1724822257.261532,68
1724822257.274533,279
1724822257.2877815,244
1724822257.3017807,123
1724822257.31679,13
1724822257.3317842,19
1724822257.3487852,-52
1724822257.362787,-33
1724822257.3773015,-7
1724822257.3912947,-7
1724822257.4043262,-13
1724822257.4183004,-6
1724822257.4313016,-82
1724822257.4453042,-59
1724822257.4591126,2
1724822257.4731095,49
1724822257.4869466,76
1724822257.4999492,39
1724822257.5139484,-34
1724822257.5269492,-5
1724822257.5399506,50
1724822257.5539508,-10
1724822257.5669532,100
1724822257.5799522,100
1724822257.592957,100
1724822257.6059551,76
1724822257.6185858,-38
1724822257.631583,-38
1724822257.6455863,55
1724822257.6595876,-14
1724822257.6735868,84
1724822257.6901057,100
1724822257.7031076,131
1724822257.716107,-26
1724822257.7301068,6
1724822257.7426217,40
1724822257.7556212,18
1724822257.7696266,-17
1724822257.7846274,101
1724822257.7986257,45
1724822257.814627,-52
1724822257.8286283,-28
1724822257.8416276,83
1724822257.8546286,61
1724822257.8676312,61
1724822257.8816307,42
1724822257.8956335,-14
1724822257.9086325,74
1724822257.921636,75
1724822257.9387016,101
1724822257.9516413,180
1724822257.9686413,237
1724822257.982641,237
1724822257.9978209,177
1724822258.0108216,181
1724822258.0228279,124
1724822258.0358238,40
1724822258.051827,81
1724822258.064832,-1
1724822258.0778263,-94
1724822258.0909946,-50
1724822258.1039965,-109
1724822258.1169982,-109
1724822258.1309981,-184
1724822258.143998,-134
1724822258.1570024,-142
1724822258.171,-28
1724822258.1840043,-68
1724822258.1980042,-185
1724822258.211004,-69
1724822258.2240064,-22
1724822258.238005,-28
1724822258.252015,32
1724822258.2690086,37
1724822258.2830107,75
1724822258.2961218,-77
1724822258.313124,55
1724822258.326122,125
1724822258.3391285,125
1724822258.3521307,4
1724822258.3651326,140
1724822258.3791313,138
1724822258.3916478,195
1724822258.406649,97
1724822258.419649,129
1724822258.4326503,26
1724822258.4466496,48
1724822258.4593563,48
1724822258.4723577,192
1724822258.4851837,34
1724822258.5001886,54
1724822258.5151854,74
1724822258.5321891,57
1724822258.5461879,52
1724822258.56319,74
1724822258.5771904,74
1724822258.5901923,68
1724822258.6031952,176
1724822258.6161945,-17
1724822258.6299455,-39
1724822258.6439457,80
1724822258.6579483,24
1724822258.6709473,96
1724822258.68695,84
1724822258.7009528,85
1724822258.7189577,187
1724822258.73296,-11
1724822258.7509568,42
1724822258.7649553,-77
1724822258.7819574,102
1724822258.7949572,27
1724822258.8069577,27
1724822258.8199599,-13
1724822258.8329644,-11
1724822258.8459604,-43
1724822258.8579614,5
1724822258.8729644,129
1724822258.885604,77
1724822258.8986058,12
1724822258.9126048,34
1724822258.925607,34
1724822258.9386077,-1
1724822258.9516084,54
1724822258.96461,37
1724822258.9786131,27
1724822258.9911497,25
1724822259.004146,161
1724822259.0171494,35
1724822259.0301456,-52
1724822259.0471478,-52
1724822259.061147,88
1724822259.07815,-29
1724822259.0911498,74
1724822259.1041517,140
1724822259.1171556,89
1724822259.1301556,105
1724822259.143155,27
1724822259.1551547,67
1724822259.171157,86
1724822259.1841598,164
1724822259.197195,-6
1724822259.2111971,-61
1724822259.2241974,172
1724822259.2381997,147
1724822259.2512083,34
1724822259.2672029,28
1724822259.2812004,28
1724822259.2962053,32
1724822259.3102026,-13
1724822259.3232062,21
1724822259.3362062,69
1724822259.350207,12
1724822259.364208,-119
1724822259.377217,41
1724822259.3922117,67
1724822259.4062104,67
1724822259.4222133,67
1724822259.4362133,55
1724822259.4542143,154
1724822259.4672205,25
1724822259.4802206,-10
1724822259.4932213,-84
1724822259.5052226,92
1724822259.5182254,92
1724822259.5312252,86
1724822259.544227,-20
1724822259.5572257,42
1724822259.5702305,42
1724822259.5832324,-53
1724822259.5962305,80
1724822259.6122327,22
1724822259.6252308,107
1724822259.638047,107
1724822259.651049,-12
1724822259.6640494,-45
1724822259.6780498,-33
1724822259.690609,181
1724822259.7046063,88
1724822259.7186062,146
1724822259.7316062,40
1724822259.7446074,117
1724822259.7576094,117
1724822259.77161,241
1724822259.7857666,292
1724822259.7997687,205
1724822259.8137686,112
1724822259.8307712,22
1724822259.8447714,21
1724822259.8577726,20
1724822259.8717728,20
1724822259.8847754,-40
1724822259.8977752,-135
1724822259.911776,-123
1724822259.9247773,-103
1724822259.9387789,21
1724822259.9527793,12
1724822259.965781,-12
1724822259.9797828,-91
1724822259.9932978,-91
1724822260.0063012,-19
1724822260.0203009,-55
1724822260.034304,-5
1724822260.0503047,-4
1724822260.0633035,43
1724822260.078304,90
1724822260.0913055,53
1724822260.1043062,22
1724822260.117309,22
1724822260.1313088,36
1724822260.146312,36
1724822260.1603107,194
1724822260.1733136,88
1724822260.1853147,88
1724822260.1983135,20
1724822260.2133148,66
1724822260.227316,66
1724822260.241317,128
1724822260.2573187,235
1724822260.2703218,225
1724822260.2833266,114
1724822260.3003287,81
1724822260.3153234,67
1724822260.335327,-9
1724822260.3503308,22
1724822260.3643281,-10
1724822260.3803277,45
1724822260.393863,-33
1724822260.4068637,151
1724822260.4228666,-11
1724822260.436865,104
1724822260.451871,52
1724822260.466085,52
1724822260.4810786,56
1724822260.4940767,-6
1724822260.507083,117
1724822260.5200794,99
1724822260.5360816,41
1724822260.550088,9
1724822260.564084,17
1724822260.582083,57
1724822260.5960865,-25
1724822260.6090877,-60
1724822260.6250892,-18
1724822260.638397,16
1724822260.653401,45
1724822260.6674035,48
1724822260.6814005,44
1724822260.6957989,73
1724822260.7088013,65
1724822260.721803,50
1724822260.735804,124
1724822260.7508063,56
1724822260.7638032,16
1724822260.7768059,-26
1724822260.7898061,116
1724822260.802808,114
1724822260.8168094,76
1724822260.8308086,40
1724822260.8448102,-30
1724822260.8588128,-26
1724822260.8738148,24
1724822260.8868124,121
1724822260.8998213,74
1724822260.9138176,17
1724822260.927819,155
1724822260.9398203,130
1724822260.9538212,137
1724822260.9668288,90
1724822260.9808233,12
1724822260.9958258,-14
1724822261.0088255,4
1724822261.020828,157
1724822261.033831,276
1724822261.046831,279
1724822261.06183,217
1724822261.075831,36
1724822261.089018,43
1724822261.1020224,22
1724822261.1150205,-166
1724822261.128022,-72
1724822261.1420228,-118
1724822261.1550245,-19
1724822261.1690264,9
1724822261.1827154,-87
1724822261.1966867,-83
1724822261.2106886,-66
1724822261.2236915,-4
1724822261.2366943,-22
1724822261.2516944,7
1724822261.2686934,-29
1724822261.283698,60
1724822261.2996972,25
1724822261.313697,1
1724822261.331698,-11
1724822261.3456995,59
1724822261.361702,-39
1724822261.3746994,72
1724822261.3907764,137
1724822261.4037771,104
1724822261.4167821,104
1724822261.4297783,104
1724822261.441781,16
1724822261.4553964,83
1724822261.4683971,66
1724822261.4813988,-44
1724822261.4953992,37
1724822261.5083997,182
1724822261.521401,137
1724822261.5354028,202
1724822261.5484035,276
1724822261.5634053,283
1724822261.577408,180
1724822261.5904064,50
1724822261.6074104,217
1724822261.6214085,85
1724822261.6349072,38
1724822261.6479068,36
1724822261.6609097,-73
1724822261.6749084,133
1724822261.6879096,41
1724822261.7029345,132
1724822261.7159393,119
1724822261.7289355,52
1724822261.7429352,116
1724822261.7559361,169
1724822261.7699392,217
1724822261.7829437,86
1724822261.7979414,279
1724822261.811941,167
1724822261.8249414,201
1724822261.838454,248
1724822261.851458,198
1724822261.8644588,-68
1724822261.8794587,-68
1724822261.893459,88
1724822261.9074612,496
1724822261.9214604,657
1724822261.9344623,634
1724822261.9474633,552
1724822261.9624646,419
1724822261.9754663,267
1724822261.9884663,259
1724822262.0014691,259
1724822262.0164711,257
1724822262.030012,-85
1724822262.0430143,-362
1724822262.0570138,-725
1724822262.0700173,-1060
1724822262.0840187,-1425
1724822262.097022,-1556
1724822262.1120183,-1357
1724822262.1250188,-1301
1724822262.1390195,-1053
1724822262.1530228,-1005
1724822262.1670258,-876
1724822262.1800237,-817
1724822262.193024,-667
1724822262.210034,-364
1724822262.2240338,-141
1724822262.2400355,-141
1724822262.2540393,58
1724822262.269039,149
1724822262.283041,20
1724822262.296038,113
1724822262.3110402,-53
1724822262.3250408,210
1724822262.3380423,193
1724822262.3510432,160
1724822262.3640442,256
1724822262.3780448,264
1724822262.391048,348
1724822262.4080482,349
1724822262.4210494,384
1724822262.4352984,490
1724822262.4483,408
1724822262.4629238,363
1724822262.4769244,369
1724822262.4899275,485
1724822262.502928,373
1724822262.5189323,259
1724822262.5319312,194
1724822262.5489345,282
1724822262.561931,166
1724822262.575949,240
1724822262.5889354,240
1724822262.601939,240
1724822262.6159425,120
1724822262.6326165,178
1724822262.6481276,172
1724822262.6621222,118
1724822262.6751244,131
1724822262.6911287,235
1724822262.7041304,179
1724822262.7181354,214
1724822262.7317557,259
1724822262.7457595,242
1724822262.758758,315
1724822262.771766,356
1724822262.7847633,169
1724822262.7977622,119
1724822262.8127658,242
1724822262.8267653,209
1724822262.8427668,448
1724822262.855767,488
1724822262.8697715,376
1724822262.8837695,204
1724822262.8987691,155
1724822262.91377,163
1724822262.9267716,88
1724822262.940148,251
1724822262.9541495,209
1724822262.9681573,106
1724822262.9831533,-70
1724822262.9981565,-11
1724822263.0131578,-151
1724822263.0291603,-291
1724822263.04216,-316
1724822263.0581636,-196
1724822263.0721626,-516
1724822263.0851643,-197
1724822263.0981643,-453
1724822263.1111686,-453
1724822263.1241665,-338
1724822263.139167,-378
1724822263.1521719,-205
1724822263.16517,-284
1724822263.1821733,-284
1724822263.1961715,-296
1724822263.213173,-236
1724822263.2261784,-210
1724822263.2431798,-70
1724822263.256181,-74
1724822263.2691822,-20
1724822263.283185,16
1724822263.2961833,66
1724822263.310185,-82
1724822263.3231866,49
1724822263.3371873,12
1724822263.3501904,20
1724822263.367194,67
1724822263.3811898,275
1724822263.396191,268
1724822263.410192,521
1724822263.4231942,521
1724822263.43671,435
1724822263.4507134,188
1724822263.4645338,106
1724822263.4775355,44
1724822263.4915357,-100
1724822263.5045366,-44
1724822263.5185401,-181
1724822263.5331094,-181
1724822263.54711,-136
1724822263.5611115,-40
1724822263.5741136,44
1724822263.5881135,121
1724822263.6021185,114
1724822263.6189373,144
1724822263.6339412,67
1724822263.6479383,44
1724822263.6619403,80
1724822263.67694,56
1724822263.6899414,148
1724822263.7019436,146
1724822263.7159479,134
1724822263.730944,28
1724822263.7449455,67
1724822263.7589464,60
1724822263.7719476,39
1724822263.7859504,85
1724822263.7989519,89
1724822263.813951,-10
1724822263.8279517,-28
1724822263.840953,51
1724822263.8539536,1
1724822263.8669603,138
1724822263.8809555,163
1724822263.8949687,119
1724822263.9089582,-68
1724822263.9219584,32
1724822263.9349625,90
1724822263.9484754,27
1724822263.963478,-50
1724822263.9774795,76
1724822263.9934826,4
1724822264.0084836,-11
1724822264.0224867,90
1724822264.0394866,86
1724822264.0514922,130
1724822264.067491,130
1724822264.0824995,-27
1724822264.09649,75
1724822264.111491,33
1724822264.124493,33
1724822264.1374936,58
1724822264.150497,56
1724822264.1644957,40
1724822264.1825006,60
1724822264.197498,29
1724822264.2114987,69
1724822264.2245045,138
1724822264.238501,99
1724822264.2515035,49
1724822264.2645028,-36
1724822264.2795038,-25
1724822264.293465,17
1724822264.3074658,41
1724822264.3204668,104
1724822264.3344688,82
1724822264.3484707,24
1724822264.36347,-19
1724822264.3774743,115
1724822264.3914719,90
1724822264.404473,131
1724822264.4174767,164
1724822264.431475,36
1724822264.4464762,7
1724822264.4600403,-27
1724822264.4730458,-24
1724822264.4870427,4
1724822264.5010457,-13
1724822264.5140438,59
1724822264.5280454,-2
1724822264.5410464,18
1724822264.5540469,7
1724822264.5680506,52
1724822264.5820503,68
1724822264.5970504,68
1724822264.6130517,49
1724822264.6266787,1
1724822264.6396794,72
1724822264.6526818,28
1724822264.6656911,-72
1724822264.6806824,-72
1724822264.6956878,-58
1724822264.70969,-25
1724822264.7236893,66
1724822264.7416933,82
1724822264.754691,91
1724822264.7706923,27
1724822264.7836952,45
1724822264.7966948,-41
1724822264.8116953,16
1724822264.8246975,80
1724822264.838697,37
1724822264.8517015,11
1724822264.8667064,-42
1724822264.8807003,41
1724822264.8947048,98
1724822264.908705,131
1724822264.9217079,117
1724822264.9357073,167
1724822264.9507103,167
1724822264.9637094,51
1724822264.978711,-100
1724822264.9917119,67
1724822265.0087135,28
1724822265.021715,35
1724822265.0357153,-44
1724822265.0487173,-44
1724822265.063717,-35
1724822265.077719,21
1724822265.0912356,56
1724822265.1042361,139
1724822265.1182408,104
1724822265.132242,34
1724822265.1482391,-1
1724822265.1632397,22
1724822265.1807802,88
1724822265.1947808,88
1724822265.2107828,17
1724822265.2237835,122
1724822265.2367854,53
1724822265.2507868,72
1724822265.2647862,72
1724822265.2797875,-77
1724822265.2937887,9
1724822265.3078005,26
1724822265.3208017,157
1724822265.3368053,146
1724822265.3508031,69
1724822265.366807,91
1724822265.3808057,-10
1724822265.3948066,100
1724822265.4158115,66
1724822265.43081,52
1724822265.445811,-60
1724822265.4584398,52
1724822265.4754422,44
1724822265.4894469,10
1724822265.5034442,-20
1724822265.5174448,-72
1724822265.531446,-8
1724822265.5454464,-26
1724822265.5584471,48
1724822265.5724485,9
1724822265.5854533,9
1724822265.5994549,20
1724822265.6124518,-86
1724822265.6254623,26
1724822265.6389742,7
1724822265.652975,-7
1724822265.66798,-7
1724822265.6819804,11
1724822265.6959784,54
1724822265.71098,49
1724822265.7249815,29
1724822265.7399833,73
1724822265.7539833,75
1724822265.7669876,36
1724822265.7809849,88
1724822265.794986,88
1724822265.808993,50
1724822265.821995,65
1724822265.8359954,71
1724822265.8489976,81
1724822265.8649983,71
1724822265.8799984,189
1724822265.8959994,208
1724822265.9110007,74
1724822265.9280024,34
1724822265.942003,-145
1724822265.9550045,-90
1724822265.9690053,-86
1724822265.9820106,-89
1724822265.9970071,-73
1724822266.0120082,-59
1724822266.0260096,-61
1724822266.0400112,42
1724822266.0540123,58
1724822266.0670142,57
1724822266.0830176,72
1724822266.0960143,85
1724822266.1170208,161
1724822266.131022,161
1724822266.1480203,83
1724822266.1630218,11
1724822266.178021,96
1724822266.192022,81
1724822266.206023,7
1724822266.2190244,12
1724822266.2320306,45
1724822266.2470326,103
1724822266.2630277,77
1724822266.2780304,20
1724822266.2910357,104
1724822266.3050318,84
1724822266.3190317,40
1724822266.3350384,70
1724822266.3500376,51
1724822266.363035,58
1724822266.3770359,75
1724822266.3905475,60
1724822266.4045482,22
1724822266.418551,37
1724822266.432552,57
1724822266.4465513,58
1724822266.463783,69
1724822266.477784,58
1724822266.4927847,52
1724822266.5067856,70
1724822266.520787,-43
1724822266.534788,52
1724822266.5477908,64
1724822266.5627902,81
1724822266.5767908,112
1724822266.5907922,112
1724822266.603793,112
1724822266.6216564,11
1724822266.6356597,137
1724822266.649659,48
1724822266.6636581,67
1724822266.6791756,60
1724822266.6951773,-7
1724822266.7096992,93
1724822266.7226999,93
1724822266.736702,-27
1724822266.7497058,-35
1724822266.7647026,6
1724822266.7787054,32
1724822266.7927058,-11
1724822266.8057063,-10
1724822266.8207076,89
1724822266.834263,59
1724822266.8472645,64
1724822266.8632655,50
1724822266.8772664,34
1724822266.8912685,2
1724822266.9052699,58
1724822266.9192705,22
1724822266.9322758,39
1724822266.9472718,18
1724822266.9622765,18
1724822266.975275,82
1724822266.9887981,42
1724822267.002803,119
1724822267.015802,57
1724822267.0288005,-18
1724822267.0418022,-20
1724822267.0548027,20
1724822267.0688043,-12
1724822267.0818105,-12
1724822267.095806,-11
1724822267.110808,5
1724822267.1248085,59
1724822267.1388092,120
1724822267.1528118,85
1724822267.1658149,57
1724822267.1833503,88
1724822267.1984878,72
1724822267.2144935,7
1724822267.228498,-39
1724822267.2424958,42
1724822267.2554975,68
1724822267.2685003,101
1724822267.2825012,77
1724822267.2964995,45
1724822267.3115008,57
1724822267.3255055,84
1724822267.3405051,58
1724822267.3545053,39
1724822267.368505,76
1724822267.3845077,92
1724822267.398513,49
1724822267.416515,53
1724822267.4315133,70
1724822267.4485164,57
1724822267.4635117,-42
1724822267.4801862,75
1724822267.4941874,26
1724822267.5101886,-22
1724822267.5231895,48
1724822267.5381906,80
1724822267.5521917,80
1724822267.5651956,48
1724822267.580194,16
1724822267.595194,-25
1724822267.6091957,13
1724822267.622816,-8
1724822267.6368165,80
1724822267.6498196,61
1724822267.664821,60
1724822267.6793334,-12
1724822267.6933346,9
1724822267.7073355,33
1724822267.7203364,88
1724822267.734338,74
1724822267.7473385,91
1724822267.7623398,28
1724822267.7773435,35
1724822267.7913425,35
1724822267.8043432,41
1724822267.8183446,37
1724822267.832998,122
1724822267.847,3
1724822267.862001,-17
1724822267.8750026,118
1724822267.889003,60
1724822267.9014382,60
1724822267.9154522,12
1724822267.9304426,36
1724822267.9474454,-3
1724822267.961445,36
1724822267.9814548,18
1724822267.9974484,-55
1724822268.0124485,-13
1724822268.026456,-13
1724822268.040451,2
1724822268.053452,59
1724822268.0664635,27
1724822268.0804536,75
1724822268.0934546,27
1724822268.107455,228
1724822268.120457,401
1724822268.1364582,389
1724822268.1504617,370
1724822268.1674638,208
1724822268.1809938,80
1724822268.1980011,-52
1724822268.2119975,-140
1724822268.224998,-155
1724822268.237998,-154
1724822268.2510014,-106
1724822268.2640011,-118
1724822268.2780013,-154
1724822268.2940037,-85
1724822268.307004,-36
1724822268.3200047,-26
1724822268.3340068,21
1724822268.3470068,16
1724822268.360008,-20
1724822268.3730085,-24
1724822268.388011,34
1724822268.4010124,48
1724822268.414012,53
1724822268.4290125,90
1724822268.4413764,61
1724822268.4543774,113
1724822268.4675922,32
1724822268.4825974,53
1724822268.4965935,53
1724822268.5135982,19
1724822268.5265958,2
1724822268.5385962,-2
1724822268.552445,39
1724822268.5654485,64
1724822268.5794463,64
1724822268.5934494,64
1724822268.6074493,16
1724822268.62045,96
1724822268.634687,50
1724822268.6476781,40
1724822268.6606796,11
1724822268.67468,32
1724822268.6876814,44
1724822268.7016878,55
1724822268.7146854,-5
1724822268.729684,6
1724822268.7436857,-59
1724822268.7566872,-17
1724822268.769689,39
1724822268.7826931,44
1724822268.7966945,40
1724822268.8126915,162
1724822268.8266916,33
1724822268.8406928,57
1724822268.8546937,102
1724822268.867695,136
1724822268.8806958,80
1724822268.894697,83
1724822268.908698,102
1724822268.9207008,69
1724822268.9347022,112
1724822268.9497037,55
1724822268.962702,58
1724822268.977703,44
1724822268.9897048,26
1724822269.0030758,109
1724822269.016085,39
1724822269.0320842,74
1724822269.0460851,-13
1724822269.0610828,23
1724822269.0750844,67
1724822269.0880857,67
1724822269.1020865,67
1724822269.1180887,35
1724822269.1320908,-21
1724822269.1496809,-25
1724822269.1646767,26
1724822269.179702,39
1724822269.1926925,36
1724822269.2056932,36
1724822269.2206955,10
1724822269.2356956,83
1724822269.2507026,43
1724822269.2647004,4
1724822269.2806995,5
1724822269.2957003,16
1724822269.3087015,22
1724822269.3227024,18
1724822269.3357048,41
1724822269.3487084,48
1724822269.3637054,-19
1724822269.3797064,37
1724822269.39471,-4
1724822269.4087088,25
1724822269.4217095,27
1724822269.4387124,-5
1724822269.4527116,99
1724822269.4671261,41
1724822269.4811184,44
1724822269.4961178,-14
1724822269.5111194,27
1724822269.52412,4
1724822269.5381207,61
1724822269.5511265,41
1724822269.5651255,40
1724822269.578127,16
1724822269.5921254,75
1724822269.605126,55
1724822269.618128,96
1724822269.6327155,41
1724822269.646724,-37
1724822269.6607254,-38
1724822269.6767263,-38
1724822269.6907277,42
1724822269.7057347,53
1724822269.7207375,140
1724822269.734738,119
1724822269.7507434,-57
1724822269.7657416,219
1724822269.7817445,92
1724822269.7967405,123
1724822269.8127425,74
1724822269.826743,61
1724822269.8397443,33
1724822269.853745,35
1724822269.8667505,-3
1724822269.8817525,-37
1724822269.8957484,-12
1724822269.909749,-24
1724822269.9237514,91
1724822269.9407542,42
1724822269.9527526,54
1724822269.966754,48
1724822269.981155,-62
1724822269.996158,-21
1724822270.0101593,-42
1724822270.0241597,2
1724822270.0381606,2
1724822270.052163,33
1724822270.0661662,19
1724822270.0811646,-4
1724822270.095165,-24
1724822270.1111662,-9
1724822270.1241674,36
1724822270.1381695,41
1724822270.1511736,41
1724822270.1661713,50
1724822270.1803894,35
1724822270.1963735,-52
1724822270.211375,-42
1724822270.2263758,1
1724822270.241377,8
1724822270.2583795,147
1724822270.2713833,178
1724822270.2843812,178
1724822270.298388,293
1724822270.3133824,114
1724822270.32798,54
1724822270.3409812,-66
1724822270.3539824,-103
1724822270.368986,-165
1724822270.3839862,-98
1724822270.396994,-126
1724822270.415991,-134
1724822270.4309876,-93
1724822270.4459882,-21
1724822270.459998,-24
1724822270.4779994,40
1724822270.4910004,-5
1724822270.5060015,-24
1724822270.5190024,51
1724822270.5320082,56
1724822270.5470045,64
1724822270.5610056,58
1724822270.5750065,44
1724822270.5880156,44
1724822270.6050103,54
1724822270.6190097,44
1724822270.633067,20
1724822270.6500716,83
1724822270.6640685,160
1724822270.6780708,113
1724822270.6930716,42
1724822270.706076,-2
1724822270.720076,22
1724822270.7340784,-7
1724822270.7480862,23
1724822270.763079,21
1724822270.778081,12
1724822270.7920854,45
1724822270.8060875,60
1724822270.8190875,48
1724822270.833095,-11
1724822270.84709,-17
1724822270.861091,-2
1724822270.8760917,4
1724822270.8890936,57
1724822270.9030943,99
1724822270.9160979,70
1724822270.9321024,71
1724822270.947097,51
1724822270.963098,21
1724822270.9780998,21
1724822270.9971015,48
1724822271.010102,17
1724822271.0281034,18
1724822271.0421045,-8
1724822271.0571063,53
1724822271.0711067,114
1724822271.0841124,125
1724822271.0981164,125
1724822271.1121101,-39
1724822271.1271114,-21
1724822271.1411123,20
1724822271.1561134,54
1724822271.1691191,125
1724822271.1841197,98
1724822271.1981266,70
1724822271.2151182,77
1724822271.2291188,-12
1724822271.2421207,-60
1724822271.2561207,-67
1724822271.269122,-59
1724822271.2831237,50
1724822271.2971237,112
1724822271.3121252,115
1724822271.326126,117
1724822271.341127,-14
1724822271.3551283,85
1724822271.3681283,-36
1724822271.3821318,-2
1724822271.3951306,17
1724822271.4091375,51
1724822271.4221408,133
1724822271.436139,28
1724822271.4501438,28
1724822271.4667792,32
1724822271.4807804,-2
1724822271.4957795,-60
1724822271.5127811,56
1724822271.5287833,27
1724822271.5437837,50
1724822271.5577838,105
1724822271.5757878,108
1724822271.588788,8
1724822271.6027868,65
1724822271.6227744,53
1724822271.6367779,70
1724822271.6517797,55
1724822271.6662962,55
1724822271.6802948,75
1724822271.695296,34
1724822271.710298,-3
1724822271.7242982,55
1724822271.7373846,33
1724822271.7513843,56
1724822271.7683868,-35
1724822271.7823942,29
1724822271.797391,92
1724822271.8123884,92
1724822271.8263922,92
1724822271.8423927,35
1724822271.856392,64
1724822271.8723946,80
1724822271.8853939,73
1724822271.8993988,39
1724822271.9143999,3
1724822271.9283967,26
1724822271.9423978,38
1724822271.9564006,55
1724822271.9714007,114
1724822271.9844065,29
1724822271.998406,54
1724822272.0124032,42
1724822272.0274043,37
1724822272.0414052,37
1724822272.0554066,53
1724822272.069408,101
1724822272.0824115,119
1724822272.0974097,184
1724822272.111413,201
1724822272.1264117,147
1724822272.1394167,147
1724822272.1544182,54
1724822272.1674185,54
1724822272.1804206,-23
1724822272.194421,-166
1724822272.2077658,-152
1724822272.22177,-120
1724822272.2367692,-195
1724822272.249771,-115
1724822272.266774,-124
1724822272.2827768,-92
1724822272.300774,16
1724822272.3147767,105
1724822272.3287785,-5
1724822272.3437793,-54
1724822272.3577802,1
1724822272.3737798,-23
1724822272.38778,22
1724822272.3997812,56
1724822272.412784,90
1724822272.4267886,65
1724822272.4407847,99
1724822272.4550114,17
1724822272.4710126,-68
1724822272.485017,-27
1724822272.5000205,-29
1724822272.5150173,-29
1724822272.5330205,115
1724822272.5490198,23
1724822272.5650227,12
1724822272.5810218,33
1724822272.5970197,96
1724822272.6150217,90
1724822272.6292222,80
1724822272.6455917,102
1724822272.6615956,-11
1724822272.6786647,18
1724822272.693344,20
1724822272.707346,105
1724822272.7203572,133
1724822272.7353625,103
1724822272.7493737,103
1724822272.7643695,116
1724822272.782367,-86
1724822272.7963667,-51
1724822272.8143725,48
1724822272.8283684,64
1724822272.8453715,-7
1724822272.8593738,64
1724822272.874373,76
1724822272.8873723,64
1724822272.9033828,33
1724822272.9173837,25
1724822272.930384,3
1724822272.9453864,3
1724822272.9583912,4
1724822272.9713874,72
1724822272.9843895,72
1724822272.9983935,18
1724822273.0133905,12
1724822273.0313945,22
1724822273.0463936,64
1724822273.0643964,185
1724822273.079398,262
1724822273.0943978,298
1724822273.1083975,298
1724822273.1244001,64
1724822273.1374013,10
1724822273.1504028,28
1724822273.1634026,-59
1724822273.177403,-37
1724822273.1909232,-11
1724822273.2059252,6
1724822273.2189293,27
1724822273.2329304,-29
1724822273.24993,53
1724822273.2639294,71
1724822273.2799287,26
1724822273.2949317,2
1724822273.3109334,7
1724822273.3249316,26
1724822273.3389337,26
1724822273.3529365,59
1724822273.366942,41
1724822273.380943,38
1724822273.3949368,48
1724822273.4089394,-57
1724822273.4219415,8
1724822273.4359405,38
1724822273.4499412,-2
1724822273.4659479,-2
1724822273.479944,-78
1724822273.4969447,7
1724822273.5139465,-27
1724822273.5279515,29
1724822273.541948,90
1724822273.5579505,76
1724822273.5709498,57
1724822273.5839517,36
1724822273.5975142,43
1724822273.6105142,26
1724822273.62416,60
1724822273.637161,128
1724822273.6531649,100
1724822273.6671636,133
1724822273.6821666,3
1724822273.696165,3
1724822273.7121665,36
1724822273.7259653,4
1724822273.7399666,13
1724822273.752968,104
1724822273.7669673,35
1724822273.7809727,64
1724822273.7949715,18
1724822273.809971,-14
1724822273.8229723,130
1724822273.839974,249
1724822273.8529742,209
1724822273.8659763,117
1724822273.8789763,27
1724822273.8919833,-70
1724822273.9049842,-91
1724822273.9179842,-263
1724822273.9319894,-263
1724822273.9459865,-105
1724822273.959988,44
1724822273.9729886,49
1724822273.9869921,55
1724822274.0009902,50
1724822274.0159957,-43
1724822274.0309987,-36
1724822274.0469952,-2
1724822274.0619953,22
1724822274.074996,96
1724822274.0899992,40
1724822274.1040125,27
1724822274.1170185,35
1724822274.1320171,33
1724822274.1467652,118
1724822274.1617656,132
1724822274.1757686,161
1724822274.1897674,57
1724822274.204279,-28
1724822274.2182817,-133
1724822274.2322917,16
1724822274.2502854,99
1724822274.267283,28
1724822274.2822933,85
1724822274.2992904,41
1724822274.3142903,-2
1724822274.3292894,-18
1724822274.346292,-13
1724822274.360292,48
1724822274.3782923,4
1724822274.3942933,105
1724822274.4102955,113
1724822274.4252942,9
1724822274.440298,112
1724822274.4534526,66
1724822274.4684546,152
1724822274.4824595,17
1724822274.4954572,-18
1724822274.5104568,67
1724822274.5234582,67
1724822274.5374603,77
1724822274.5534601,-7
1724822274.5674665,55
1724822274.5804641,55
1724822274.5954642,117
1724822274.6094644,41
1724822274.6254656,90
1724822274.6394665,90
1724822274.6524699,17
1724822274.6664696,1
1724822274.6794746,-18
1724822274.6933904,19
1724822274.7083914,82
1724822274.7223947,82
1724822274.7353957,-60
1724822274.750403,-55
1724822274.7643993,-43
1724822274.7824109,-54
1724822274.7994,9
1724822274.8133998,-42
1724822274.8274019,22
1724822274.843402,131
1724822274.856402,87
1724822274.869403,87
1724822274.8824089,87
1724822274.8955767,92
1724822274.908577,-28
1724822274.9215808,224
1724822274.9385798,42
1724822274.9515815,114
1724822274.9675853,112
1724822274.9805844,115
1724822274.9955845,-52
1724822275.0105848,6
1724822275.0235853,88
1724822275.0365865,217
1724822275.05159,225
1724822275.0655892,204
1724822275.0785925,28
1724822275.0935915,-189
1724822275.1075916,-244
1724822275.1225953,-194
1724822275.136594,-165
1724822275.1505983,-40
1724822275.1665974,60
1724822275.181694,-124
1724822275.1956751,-167
1724822275.210676,-92
1724822275.2256773,-57
1724822275.239681,-57
1724822275.253689,251
1724822275.268686,168
1724822275.2826903,134
1724822275.2986898,480
1724822275.3136926,279
1724822275.329689,557
1724822275.3446894,816
1724822275.3616915,1066
1724822275.377692,818
1724822275.3934014,699
1724822275.4074035,425
1724822275.422405,345
1724822275.4374068,161
1724822275.4514098,99
1724822275.4664094,99
1724822275.48041,-152
1724822275.4984121,-357
1724822275.5144145,-516
1724822275.529414,-557
1724822275.5444221,-439
1724822275.561414,-410
1724822275.576421,-365
1724822275.5924172,-365
1724822275.6064188,-269
1724822275.6227798,-295
1724822275.6367655,-308
1724822275.6527684,-213
1724822275.6667714,54
1724822275.6837733,-125
1724822275.6987736,13
1724822275.7157757,6
1724822275.7307775,-93
1724822275.7477787,-72
1724822275.7627747,66
1724822275.7807848,73
1724822275.7957788,139
1724822275.8107789,-98
1724822275.8237844,-98
1724822275.8387828,-133
1724822275.8527818,-165
1724822275.8697839,-53
1724822275.8828936,204
1724822275.8958802,264
1724822275.9108803,-7
1724822275.9238837,-102
1724822275.9378831,-102
1724822275.9508874,352
1724822275.964886,311
1724822275.9788857,341
1724822275.9940171,468
1724822276.0090177,49
1724822276.0220206,-119
1724822276.0350199,-197
1724822276.0480254,27
1724822276.062021,-152
1724822276.0750222,-152
1724822276.0890272,-180
1724822276.1030247,-155
1724822276.11803,-72
1724822276.1320279,132
1724822276.1470304,169
1724822276.1620302,273
1724822276.1760304,273
1724822276.1900423,-115
1724822276.2040462,-102
1724822276.218044,20
1724822276.233049,213
1724822276.2490733,-7
1724822276.26405,292
1724822276.2800503,256
1724822276.2950552,205
1724822276.3120522,387
1724822276.3280532,99
1724822276.3440535,386
1724822276.3580563,74
1724822276.3730564,90
1724822276.3870568,-227
1724822276.4000595,70
1724822276.4140646,98
1724822276.4280612,297
1724822276.4420598,240
1724822276.4560626,-147
1724822276.469721,-173
1724822276.4837244,-52
1724822276.4977267,85
1724822276.5127227,201
1724822276.5277243,201
1724822276.5427253,284
1724822276.5557272,-118
1724822276.5687275,157
1724822276.581735,157
1724822276.5957305,4
1724822276.6097322,-248
1724822276.6237526,-189
1724822276.6367395,247
1724822276.6497455,247
1724822276.662743,-195
1724822276.6777442,274
1724822276.6917443,139
1724822276.7047453,-2
1724822276.7177482,-134
1724822276.7327487,82
1724822276.7467523,306
1724822276.7617495,-68
1724822276.7777507,-71
1724822276.7927535,-167
1724822276.8110325,167
1724822276.824032,113
1724822276.8375404,-189
1724822276.8505404,232
1724822276.8645482,245
1724822276.879542,28
1724822276.893544,100
1724822276.9075491,154
1724822276.9215505,-254
1724822276.9375496,-163
1724822276.951551,38
1724822276.9665546,75
1724822276.981558,167
1724822276.9985583,-193
1724822277.0145626,243
1724822277.03056,283
1724822277.0455577,198
1724822277.062559,214
1724822277.0775619,241
1724822277.0935614,291
1724822277.1075625,-153
1724822277.1205635,-153
1724822277.1355646,192
1724822277.1495697,26
1724822277.1645794,283
1724822277.1805737,162
1724822277.194569,316
1724822277.2085693,100
1724822277.2215776,-42
1724822277.2355723,-42
1724822277.2495804,33
1724822277.2655783,167
1724822277.279577,365
1724822277.2966757,124
1724822277.3126755,195
1724822277.328678,402
1724822277.3446784,-30
1724822277.3596785,-30
1724822277.3766813,181
1724822277.3906808,149
1724822277.404682,-61
1724822277.418682,-135
1724822277.435685,-301
1724822277.4506857,-181
1724822277.4666893,11
1724822277.4816911,-427
1724822277.49869,27
1724822277.5136948,267
1724822277.5306942,221
1724822277.5446997,300
1724822277.5616937,306
1724822277.579696,-166
1724822277.595698,-185
1724822277.6106973,-181
1724822277.625384,229
1724822277.639384,-83
1724822277.6533859,-85
1724822277.6673865,-86
1724822277.683388,181
1724822277.6983895,133
1724822277.7143934,133
1724822277.7283905,7
1724822277.7443922,311
1724822277.7593925,203
1724822277.7753935,310
1724822277.789395,-27
1724822277.8033972,-125
1724822277.8164015,196
1724822277.8323982,196
1724822277.846401,293
1724822277.8604,-27
1724822277.8764012,179
1724822277.8924081,-24
1724822277.9074087,-75
1724822277.9204104,-154
1724822277.9354107,234
1724822277.9494128,234
1724822277.9654176,226
1724822277.9814174,148
1724822277.999419,195
1724822278.0144186,179
1724822278.030424,369
1724822278.0444188,289
1724822278.0634222,129
1724822278.0784216,42
1724822278.0964243,339
1724822278.1104243,33
1724822278.126425,267
1724822278.1404266,64
1724822278.1574292,-41
1724822278.1704297,101
1724822278.18443,101
1724822278.1984384,51
1724822278.2134342,-75
1724822278.228433,263
1724822278.243434,246
1724822278.2574348,35
1724822278.2714365,-172
1724822278.2864382,-107
1724822278.300439,-107
1724822278.3154447,220
1724822278.3294404,283
1724822278.3464422,298
1724822278.3614428,215
1724822278.3784444,291
1724822278.393445,163
1724822278.4084466,-141
1724822278.4224474,-141
1724822278.4364486,37
1724822278.45045,-75
1724822278.4640532,219
1724822278.4780512,294
1724822278.4910536,69
1724822278.5060537,-134
1724822278.520054,6
1724822278.5360553,6
1724822278.5500576,169
1724822278.5660605,171
1724822278.5810666,248
1724822278.5950506,108
1724822278.6103756,186
1724822278.6240854,-234
1724822278.6380863,-205
1724822278.6550887,-28
1724822278.669089,150
1724822278.6860902,355
1724822278.7000935,-43
1724822278.7150972,170
1724822278.7280934,-84
1724822278.744095,324
1724822278.759096,61
1724822278.774097,61
1724822278.7881002,-205
1724822278.8021004,-164
1724822278.8161027,36
1724822278.8341033,-134
1724822278.848107,147
1724822278.864108,200
1724822278.880109,16
1724822278.899109,178
1724822278.9181097,137
1724822278.9331117,154
1724822278.9471197,97
1724822278.9621115,385
1724822278.9781156,24
1724822278.9921136,102
1724822279.0051155,227
1724822279.0201159,405
1724822279.035117,52
1724822279.0521207,251
1724822279.06512,307
1724822279.0791202,247
1724822279.0956476,258
1724822279.109649,-6
1724822279.1236494,-6
1724822279.1396515,-6
1724822279.1546524,-315
1724822279.171653,-82
1724822279.1856546,-298
1724822279.1996133,146
1724822279.2156208,-10
1724822279.2296162,235
1724822279.24662,235
1724822279.2616186,177
1724822279.2756193,-100
1724822279.2916222,-139
1724822279.3066232,-121
1724822279.319623,-97
1724822279.3346252,198
1724822279.3506258,198
1724822279.3646305,198
1724822279.3786292,-89
1724822279.3966346,410
1724822279.4106336,344
1724822279.425631,73
1724822279.4396322,11
1724822279.4546332,-115
1724822279.4683475,172
1724822279.4813464,201
1724822279.4973538,246
1724822279.5123782,356
1724822279.5263784,187
1724822279.5413814,105
1724822279.555382,-73
1724822279.570383,144
1724822279.5839467,182
1724822279.597944,171
1724822279.6125567,295
1724822279.6273239,217
1724822279.6403263,84
1724822279.6533265,-165
1724822279.6693294,304
1724822279.683331,25
1724822279.6963308,224
1724822279.7113314,-171
1724822279.7253323,59
1724822279.7383342,-194
1724822279.751849,-183
1724822279.7648559,100
1724822279.7788508,309
1724822279.7948513,87
1724822279.811855,385
1724822279.8258555,-150
1724822279.8398573,-150
1724822279.854857,-295
1724822279.8688583,-40
1724822279.881861,43
1724822279.8968623,153
1724822279.9128606,181
1724822279.9278617,292
1724822279.940863,-230
1724822279.9548655,-230
1724822279.9698653,-252
1724822279.9838665,144
1724822279.9978719,100
1724822280.012869,-61
1724822280.027873,354
1724822280.0418706,-85
1724822280.0568714,-9
1724822280.069877,-9
1724822280.0838768,215
1724822280.097877,81
1724822280.1148863,153
1724822280.129882,273
1724822280.1468859,128
1724822280.16088,359
1724822280.1784017,9
1724822280.1924024,9
1724822280.206405,71
1724822280.2194052,-113
1724822280.2334075,91
1724822280.2469256,229
1724822280.2639306,150
1724822280.2789264,187
1724822280.2929275,148
1724822280.3059294,309
1724822280.3209317,-229
1724822280.333931,-122
1724822280.3489332,103
1724822280.3629353,231
1724822280.3779333,260
1724822280.3929367,72
1724822280.4059358,-122
1724822280.421938,248
1724822280.435942,-231
1724822280.4489412,83
1724822280.4621742,296
1724822280.476177,137
1724822280.489428,-233
1724822280.5062823,-68
1724822280.5202825,-146
1724822280.5362844,197
1724822280.551285,-69
1724822280.5682862,151
1724822280.5812938,220
1724822280.5942898,55
1724822280.6082897,101
1724822280.6211817,243
1724822280.6351807,225
1724822280.6491861,292
1724822280.6641865,-119
1724822280.679184,308
1724822280.6951845,284
1724822280.7131865,277
1724822280.729187,390
1724822280.7431881,93
1724822280.7571898,-155
1724822280.7711937,-161
1724822280.7851915,-161
1724822280.7991931,56
1724822280.8162005,-164
1724822280.8301952,42
1724822280.846199,123
1724822280.861197,200
1724822280.876197,55
1724822280.8911994,-24
1724822280.9052005,-194
1724822280.9192014,-26
1724822280.9352033,16
1724822280.9512036,-43
1724822280.9652116,228
1724822280.981208,182
1724822280.9952085,230
1724822281.010208,-157
1724822281.0252106,71
1724822281.0392103,-8
1724822281.0532172,24
1724822281.0682125,24
1724822281.082216,224
1724822281.0972145,209
1724822281.1122158,353
1724822281.129217,109
1724822281.1462202,-87
1724822281.1642218,161
1724822281.183222,336
1724822281.1982276,189
1724822281.212224,139
1724822281.2272243,327
1724822281.2422273,-253
1724822281.2572265,-253
1724822281.2702274,-99
1724822281.2852285,-76
1724822281.29923,123
1724822281.3132336,306
1724822281.3282313,262
1724822281.3432324,183
1724822281.3582377,59
1724822281.3722355,59
1724822281.386236,-145
1724822281.401238,244
1724822281.4162385,129
1724822281.4312444,195
1724822281.4472435,240
1724822281.4618475,28
1724822281.4788482,121
1724822281.4938495,121
1724822281.50885,80
1724822281.5238533,-196
1724822281.5388525,-218
1724822281.552858,-27
1724822281.5688543,50
1724822281.58386,50
1724822281.6008587,50
1724822281.614862,50
1724822281.628859,-77
1724822281.6478667,211
1724822281.6638653,92
1724822281.679867,369
1724822281.694864,304
1724822281.7108665,289
1724822281.7258666,289
1724822281.740868,-10
1724822281.754869,304
1724822281.7698703,-123
1724822281.783874,2
1724822281.7988741,225
1724822281.813885,245
1724822281.831887,257
1724822281.8468869,257
1724822281.8628855,201
1724822281.8778896,279
1724822281.8958886,-41
1724822281.9108894,299
1724822281.925889,184
1724822281.9398918,-130
1724822281.9558916,-77
1724822281.970892,-156
1724822281.9898934,-35
1724822282.0073712,-149
1724822282.021372,-164
1724822282.035375,-17
1724822282.0513783,9
1724822282.066379,279
1724822282.0843787,279
1724822282.0983803,257
1724822282.1153815,221
1724822282.1293824,293
1724822282.1463835,328
1724822282.1623836,229
1724822282.1803887,180
1724822282.195391,54
1724822282.2103853,80
1724822282.2233868,-153
1724822282.236389,-216
1724822282.2503893,-52
1724822282.2633932,85
1724822282.2783983,283
1724822282.293393,138
1724822282.308393,-106
1724822282.3213959,70
1724822282.3363955,-198
1724822282.3523984,-134
1724822282.369398,-114
1724822282.3844042,-5
1724822282.4024026,-60
1724822282.416403,58
1724822282.430406,155
1724822282.4454048,288
1724822282.4614055,284
1724822282.4784074,252
1724822282.4974115,253
1724822282.5134127,99
1724822282.528411,259
1724822282.5434115,-119
1724822282.5584133,4
1724822282.5724216,35
1724822282.5874207,35
1724822282.602417,-90
1724822282.6194193,-197
1724822282.6334305,1
1724822282.648437,227
1724822282.6644347,-114
1724822282.6806097,-154
1724822282.6956096,-23
1724822282.7122881,307
1724822282.7272985,263
1724822282.7461505,277
1724822282.7601504,273
1724822282.7791522,297
1724822282.7951558,167
1724822282.810034,195
1724822282.8250363,-154
1724822282.8400362,39
1724822282.853047,-183
1724822282.86804,-17
1724822282.8820395,102
1724822282.8970425,145
1724822282.9130452,256
1724822282.9290423,-134
1724822282.945043,183
1724822282.9610436,210
1724822282.976045,98
1724822282.9910474,-123
1724822283.0060482,49
1724822283.0300539,212
1724822283.0460536,274
1724822283.0620534,2
1724822283.0780535,251
1724822283.0930548,-201
1724822283.1090555,-162
1724822283.124059,-198
1724822283.1380572,74
1724822283.1530595,74
1724822283.1670625,56
1724822283.1825697,-189
1724822283.1971898,251
1724822283.2121756,275
1724822283.2291734,220
1724822283.2441783,61
1724822283.261176,264
1724822283.2761798,169
1724822283.2931776,149
1724822283.3087003,-73
1724822283.3246994,-227
1724822283.3387008,-126
1724822283.3557057,-93
1724822283.3697069,224
1724822283.3847086,224
1724822283.3997073,333
1724822283.4157097,203
1724822283.4327085,100
1724822283.4477153,105
1724822283.462345,193
1724822283.4783483,281
1724822283.496358,122
1724822283.5113502,202
1724822283.5273514,-145
1724822283.5423517,13
1724822283.556356,-153
1724822283.5723553,140
1724822283.5863543,140
1724822283.602358,226
1724822283.6163568,100
1724822283.6310008,48
1724822283.645996,230
1724822283.6609964,226
1724822283.675997,213
1724822283.6889997,-52
1724822283.7029994,-158
1724822283.717001,231
1724822283.7310078,164
1724822283.7450032,312
1724822283.7620037,247
1724822283.7760046,163
1724822283.7910058,-1
1724822283.8050086,-149
1724822283.8220098,-178
1724822283.8360133,-154
1724822283.850012,-154
1724822283.863019,305
1724822283.877014,231
1724822283.8915257,-37
1724822283.905527,-125
1724822283.9195282,-150
1724822283.9335294,58
1724822283.9495375,117
1724822283.965533,-97
1724822283.9805343,202
1724822283.9975388,179
1724822284.0125382,251
1724822284.0265434,124
1724822284.0425391,50
1724822284.0565386,-22
1724822284.0725398,-106
1724822284.0875406,-106
1724822284.102542,-9
1724822284.1175432,-82
1724822284.1315475,88
1724822284.14688,224
1724822284.1618779,292
1724822284.1778803,233
1724822284.1928804,268
1724822284.2078807,268
1724822284.2218904,260
1724822284.23589,-93
1724822284.249892,220
1724822284.2638977,266
1724822284.279894,292
1724822284.2948942,267
1724822284.3138988,16
1724822284.3288999,16
1724822284.345899,130
1724822284.3608997,173
1724822284.3769016,257
1724822284.3919046,230
1724822284.406913,123
1724822284.4229038,18
1724822284.4379084,234
1724822284.4549193,80
1724822284.4697437,-190
1724822284.4857457,64
1724822284.4997473,-5
1724822284.5137498,151
1724822284.529753,151
1724822284.5447524,170
1724822284.5617518,218
1724822284.5767524,-203
1724822284.5907533,-213
1724822284.6067543,-129
1724822284.6207597,-198
1724822284.6384637,-183
1724822284.6524644,-116
1724822284.6694655,211
1724822284.6834664,-177
1724822284.7004704,35
1724822284.715469,50
1724822284.7324739,162
1724822284.7484715,50
1724822284.7634747,276
1724822284.7774732,192
1724822284.7924745,196
1724822284.8064754,-6
1724822284.819478,-173
1724822284.834478,-61
1724822284.8474834,316
1724822284.86148,352
1724822284.8754807,-67
1724822284.891482,72
1724822284.905483,-26
1724822284.9194841,-20
1724822284.9354875,100
1724822284.950487,55
1724822284.9644954,246
1724822284.9804955,219
1724822284.9954967,71
1724822285.0109644,212
1724822285.0259655,-177
1724822285.0439677,-43
1724822285.0589685,114
1724822285.07497,6
1724822285.089974,-147
1724822285.109972,129
1724822285.1249745,-185
1724822285.1379743,-194
1724822285.1539762,-57
1724822285.1689792,-117
1724822285.1829772,32
1724822285.198981,92
1724822285.2149825,194
1724822285.2339866,89
1724822285.2489874,408
1724822285.2639842,-26
1724822285.2809913,96
1724822285.295992,306
1724822285.3099868,-135
1724822285.3249927,-19
1724822285.3409941,59
1724822285.3569927,-101
1724822285.3719933,-217
1724822285.3879929,-217
1724822285.4019947,134
1724822285.4169972,55
1724822285.4320922,97
1724822285.4460995,305
1724822285.4610941,277
1724822285.475846,98
1724822285.4908469,-138
1724822285.504851,-138
1724822285.5188496,242
1724822285.5338514,258
1724822285.5478587,122
1724822285.565853,151
1724822285.5798552,178
1724822285.5938559,178
1724822285.6098583,-129
1724822285.6274805,-129
1724822285.6424844,72
1724822285.6584833,-273
1724822285.6744857,-44
1724822285.688486,-183
1724822285.7024872,-104
1724822285.7164884,20
1724822285.7314885,-206
1724822285.7464905,-206
1724822285.76049,58
1724822285.7744904,34
1724822285.7874916,-104
1724822285.8014925,-51
1724822285.8154967,134
1724822285.828495,264
1724822285.8424952,116
1724822285.8554966,-108
1724822285.8684971,-85
1724822285.8814986,181
1724822285.8955023,275
1724822285.9105034,216
1724822285.9255037,33
1724822285.9395037,-173
1724822285.9535058,-126
